set search_path to Vidhyadhan;
INSERT INTO Conditions (Condition_Id, Is_Orphan, Is_Phy_Disabled, Is_BlackListed, Has_Active_Backlog) 
VALUES 
    (0, 'FALSE', 'FALSE', 'FALSE', 'FALSE'),
    (1, 'TRUE', 'FALSE', 'FALSE', 'FALSE'),
    (2, 'FALSE', 'TRUE', 'FALSE', 'FALSE'),
    (3, 'TRUE', 'TRUE', 'FALSE', 'FALSE'),
    (4, 'FALSE', 'FALSE', 'TRUE', 'FALSE'),
    (5, 'TRUE', 'FALSE', 'TRUE', 'FALSE'),
    (6, 'FALSE', 'TRUE', 'TRUE', 'FALSE'),
    (7, 'TRUE', 'TRUE', 'TRUE', 'FALSE'),
    (8, 'FALSE', 'FALSE', 'FALSE', 'TRUE'),
    (9, 'TRUE', 'FALSE', 'FALSE', 'TRUE'),
    (10, 'FALSE', 'TRUE', 'FALSE', 'TRUE'),
    (11, 'TRUE', 'TRUE', 'FALSE', 'TRUE'),
    (12, 'FALSE', 'FALSE', 'TRUE', 'TRUE'),
    (13, 'TRUE', 'FALSE', 'TRUE', 'TRUE'),
    (14, 'FALSE', 'TRUE', 'TRUE', 'TRUE'),
    (15, 'TRUE', 'TRUE', 'TRUE', 'TRUE');
	
INSERT INTO Registers (Email_id, Register_Type, Password_)
VALUES ('sagar.thakkar@gmail.com', 'Applicant', 'p@ssw0rd123'),
('snehal.joshi@yahoo.com', 'Applicant', 'securePass!23'),
('aryan.patel@gmail.com', 'Applicant', 'MyP@ssw0rd'),
('nisha.sharma@yahoo.com', 'Applicant', 'Pass1234word'),
('raj.shah@gmail.com', 'Applicant', 'StrongP@ss'),
('pooja.gupta@yahoo.com', 'Applicant', 'p@ssword!Secure'),
('anuj.mehta@gmail.com', 'Applicant', 'Pa$$w0rd567'),
('kavita.patel@yahoo.com', 'Applicant', '1234P@ssword'),
('amit.shah@gmail.com', 'Applicant', 'P@55w0rd!'),
('nisha.sharma@gmail.com', 'Applicant', 'SecurePass321'),
('applicant11@example.com', 'Applicant', 'Password123!'),
('amit.gupta@yahoo.com', 'Applicant', 'Secure@123'),
('pooja.patel@gmail.com', 'Applicant', 'P@ssw0rd!2024'),
('rahul.shah@yahoo.com', 'Applicant', 'MySecureP@ss'),
('kavita.desai@gmail.com', 'Applicant', 'StrongPassword1'),
('ankit.mehta@yahoo.com', 'Applicant', 'Pa$$w0rd#2023'),
('preeti.dave@gmail.com', 'Applicant', 'Passw0rd!@#'),
('aryan.thakkar@yahoo.com', 'Applicant', 'SecurePassword123'),
('deepa.joshi@gmail.com', 'Applicant', 'P@ssw0rd2024!'),
('vikas.patel@yahoo.com', 'Applicant', 'Password!2023'),
('applicant21@example.com', 'Applicant', 'Passw0rd@2022'),
('ananya.shah@gmail.com', 'Applicant', 'SecureP@ssword123'),
('rohan.patel@yahoo.com', 'Applicant', 'Str0ngP@ss!'),
('kirti.desai@gmail.com', 'Applicant', 'P@ssw0rd2023'),
('anuj.gupta@yahoo.com', 'Applicant', 'MySecretP@ss'),
('isha.shah@gmail.com', 'Applicant', 'Pa$$w0rd2022!'),
('akshay.mehta@yahoo.com', 'Applicant', 'StrongP@ssword123'),
('tanvi.dave@gmail.com', 'Applicant', 'Password!2024'),
('sagar.thakkar@yahoo.com', 'Applicant', 'Secure@1234'),
('snehal.joshi@gmail.com', 'Applicant', 'P@ssw0rd!2025'),
('applicant31@example.com', 'Applicant', 'SecureP@ss123'),
('rohan1.patel@yahoo.com', 'Applicant', 'P@ssw0rd2023!'),
('nisha1.sharma@gmail.com', 'Applicant', 'Str0ngP@ss2022'),
('sagar1.thakkar@gmail.com', 'Applicant', 'MyP@ssw0rd2022'),
('snehal1.joshi@yahoo.com', 'Applicant', 'SecretP@ss!'),
('aryan1.patel@gmail.com', 'Applicant', 'P@ssword!123'),
('raj1.shah@gmail.com', 'Applicant', 'P@ssw0rd123!'),
('pooja1.gupta@yahoo.com', 'Applicant', 'StrongP@ss2023'),
('anuj1.mehta@gmail.com', 'Applicant', 'SecureP@ssword'),
('kavita1.patel@yahoo.com', 'Applicant', 'P@ssw0rd!2024'),
('Ramesh12@gmail.com', 'Donor', 'D1@donor1'),
('Suresh43@gmail.com', 'Donor', 'D2@donor2'),
('Asha63@gmail.com', 'Donor', 'D3@donor3'),
('Radha75@gmail.com', 'Donor', 'D4@donor4'),
('Manoj23@gmail.com', 'Donor', 'D5@donor5'),
('ABC23@gmail.com', 'Donor', 'D6@donor6'),
('XYZ53@gmail.com', 'Donor', 'D7@donor7'),
('PQR23@gmail.com', 'Donor', 'D8@donor8'),
('LMN52@gmail.com', 'Donor', 'D9@donor9'),
('QRS23@gmail.com', 'Donor', 'D10@donor10');

INSERT INTO  Scholarships(Scholarship_Id , S_Name , Amount , Starting_Date , Closing_Date , Sch_description , Income ,Condition_Id)
VALUES('S0000001', 'Merit Scholarship', 100000, '2023-01-01', '2024-12-31', 'This scholarship is awarded based on academic merit to deserving students. The aim is to support students in their pursuit of higher education.', 300000 , 0),
('S0000002', 'Financial Aid Scholarship', 75000, '2023-02-01', '2024-11-30', 'This scholarship aims to provide financial assistance to students from economically weaker backgrounds. Eligibility is based on family income and academic performance.', 300000 ,0),
('S0000003', 'Minority Scholarship', 80000, '2023-03-01', '2024-10-31', 'This scholarship is for students belonging to minority communities. It aims to promote education among minority groups and empower them through financial support.', 350000 , 2),
('S0000004', 'Girl Child Scholarship', 60000, '2023-04-01', '2024-09-30', 'This scholarship is exclusively for girl students, with the objective of encouraging and empowering them to pursue higher education. It provides financial assistance to deserving female students.', 320000 , 0),
('S0000005', 'Sports Scholarship', 90000, '2023-05-01', '2024-08-31', 'This scholarship is awarded to talented athletes who have demonstrated outstanding performance in sports. It aims to support them in balancing their academic and athletic pursuits.', 450000, 1),
('S0000006', 'Disability Scholarship', 70000, '2023-06-01', '2024-07-31', 'This scholarship is for students with disabilities, providing financial assistance to help them overcome the challenges they face in accessing education. It aims to promote inclusive education.', 380000, 2),
('S0000007', 'Backlog Clearance Scholarship', 50000, '2023-07-01', '2024-06-30', 'This scholarship is for students with academic backlogs, offering financial aid to help them clear their pending subjects and continue their education without hindrance.', 300000,2),
('S0000008', 'Single Parent Scholarship', 80000, '2023-08-01', '2024-05-31', 'This scholarship provides support to students who are raised by single parents, acknowledging the unique challenges they face. It aims to assist them in pursuing their academic goals.', 400000 , 3),
('S0000009', 'Tribal Scholarship', 85000, '2023-09-01', '2024-04-30', 'This scholarship is for students belonging to tribal communities, aiming to promote education among tribal groups and address educational disparities. It provides financial aid to deserving tribal students.', 380000 , 3);

INSERT INTO IFSC_Details (IFSC_Code, Bank_Name, Branch_Name)
VALUES ('SBIN0001111', 'State Bank of India', 'Delhi Main'),
('ICIC0002222', 'ICICI Bank', 'Mumbai Central'),
('HDFC0003333', 'HDFC Bank', 'Chennai Main'),
('UTIB0004444', 'Axis Bank', 'Kolkata Central'),
('PUNB0005555', 'Punjab National Bank', 'Bangalore Central'),
('BARB0HYD006', 'Bank of Baroda', 'Hyderabad Main'),
('CNRB0007777', 'Canara Bank', 'Ahmedabad Central'),
('UBIN0008888', 'Union Bank of India', 'Pune Central'),
('IBKL0009999', 'IDBI Bank', 'Jaipur Main'),
('KKBK0000000', 'Kotak Mahindra Bank', 'Chandigarh Central'),
('SBIN0001234', 'State Bank of India', 'Mumbai Main'),
('ICIC0002345', 'ICICI Bank', 'Delhi Central'),
('HDFC0003456', 'HDFC Bank', 'Chennai Central'),
('UTIB0004567', 'Axis Bank', 'Kolkata Main'),
('PUNB0005678', 'Punjab National Bank', 'Bangalore Main'),
('BARB0MUM678', 'Bank of Baroda', 'Mumbai Central'),
('CNRB0007890', 'Canara Bank', 'Hyderabad Main'),
('UBIN0008901', 'Union Bank of India', 'Pune Main'),
('IBKL0009012', 'IDBI Bank', 'Jaipur Central'),
('KKBK0000123', 'Kotak Mahindra Bank', 'Chandigarh Main');

INSERT INTO Bank_Details (Bank_Account_No, Bank_Account_Holder_type, IFSC_Code)
VALUES 
('22222222222222','Applicant', 'SBIN0001234'),
('12345789012356','Applicant', 'SBIN0001234'),
('123426789012356','Applicant', 'SBIN0001234'),
('123456789012356', 'Applicant', 'SBIN0001234'),
('123426789012357', 'Applicant', 'SBIN0001234'),
('234567890123467', 'Applicant', 'ICIC0002345'),
('234567890123462', 'Applicant', 'ICIC0002345'),
('345678901234578', 'Applicant', 'HDFC0003456'),
('345678901234572', 'Applicant', 'HDFC0003456'),
('456789012345689', 'Applicant', 'UTIB0004567'),
('456789012345682', 'Applicant', 'UTIB0004567'),
('567890123456790', 'Applicant', 'PUNB0005678'),
('567890123456793', 'Applicant', 'PUNB0005678'),
('678901234567901', 'Applicant', 'BARB0HYD006'),
('678901234567902', 'Applicant', 'BARB0HYD006'),
('789012345678012', 'Applicant', 'CNRB0007890'),
('789012345678015', 'Applicant', 'CNRB0007890'),
('890123456789024', 'Applicant', 'UBIN0008888'),
('890123456789022', 'Applicant', 'UBIN0008888'),
('901234567890134', 'Applicant', 'IBKL0009012'),
('901234567890132', 'Applicant', 'IBKL0009012'),
('012345678901245', 'Applicant', 'KKBK0000000'),
('012345678901242', 'Applicant', 'KKBK0000000'),
('111111111111111', 'Applicant', 'SBIN0001111'),
('111111111111112', 'Applicant', 'SBIN0001111'),
('222222222222222', 'Applicant', 'ICIC0002222'),
('222222222222221', 'Applicant', 'ICIC0002222'),
('333333333333333', 'Applicant', 'HDFC0003333'),
('333333333333332', 'Applicant', 'HDFC0003333'),
('444444444444444', 'Applicant', 'UTIB0004444'),
('444444444444446', 'Applicant', 'UTIB0004444'),
('555555555555555', 'Applicant', 'PUNB0005555'),
('555555555555552', 'Applicant', 'PUNB0005555'),
('666666666666666', 'Applicant', 'BARB0HYD006'),
('666666666666662', 'Applicant', 'BARB0HYD006'),
('777777777777777', 'Applicant', 'CNRB0007777'),
('777777777777772', 'Applicant', 'CNRB0007777'),
('888888888888888', 'Applicant', 'UBIN0008888'),
('888888888888882', 'Applicant', 'UBIN0008888'),
('999999999999999', 'Applicant', 'IBKL0009999'),
('999999999999991', 'Applicant', 'IBKL0009999'),
('890123456789023', 'Applicant', 'KKBK0000000'),
('123456789012345','Individual','ICIC0002222'), 
('234567890123456', 'Individual','CNRB0007777'),
('345678901234567','Individual','IBKL0009012'), 
('456789012345678', 'Individual','BARB0HYD006'), 
('567890123456789', 'Individual','UBIN0008888'),
('678901234567890', 'Company','HDFC0003456'),
('789012345678901', 'Company','PUNB0005678'),
('890123456789012',  'Company','PUNB0005555'), 
('901234567890123', 'Company','ICIC0002345'), 
('012345678901234', 'Company','SBIN0001234');


INSERT INTO States (Scholarship_Id, State_Name) VALUES 
('S0000001', 'Gujarat'),
('S0000001', 'Maharashtra'),
('S0000002', 'Uttar Pradesh'),
('S0000003', 'Karnataka'),
('S0000003', 'Tamil Nadu'),
('S0000004', 'Rajasthan'),
('S0000004', 'Madhya Pradesh'),
('S0000004', 'Gujarat'),
('S0000005', 'Bihar'),
('S0000005', 'West Bengal'),
('S0000006', 'Punjab'),
('S0000007', 'Assam'),
('S0000007', 'Odisha'),
('S0000007', 'Gujarat'),
('S0000007', 'Uttar Pradesh'),
('S0000008', 'Telangana'),
('S0000008', 'Punjab'),
('S0000008', 'Andhra Pradesh'),
('S0000009', 'Kerala'),
('S0000009', 'Haryana'),
('S0000009', 'Gujarat');


INSERT INTO Departments_with_Programs ( Department_Name ,Program_Name)
VALUES
('Aerospace Engineering', 'B.Tech'),
('Human Resources Management', 'MBA'),
('Nursing', 'B.Sc'),
('Mechanical Engineering', 'B.Tech'),
('Information Science', 'B.E'),
('Physics', 'M.Sc'),
('Chemical Engineering', 'B.Tech'),
('Computer Engineering', 'M.Tech'),
('Electronic and Instrumentation', 'B.Tech'),
('ICT','B.Tech');


INSERT INTO Education_Details (College_Id, Semester, Year_of_Admission, College_Name, Department_Name, Tuition_Fees, Hostel_Fees, Received_TFWS)
VALUES
('C0000001', 'Autumn', '2022', 'Indian Institute of Technology Madras', 'Aerospace Engineering',  120000, 55000, true),
('C0000001', 'Autumn', '2023', 'Indian Institute of Technology Madras', 'Aerospace Engineering',  120000, 55000, true),
('C0000001', 'Winter', '2024', 'Indian Institute of Technology Madras', 'Aerospace Engineering',  120000, 55000, false),
('C0000002', 'Winter', '2023', 'Indian Institute of Management Ahmedabad', 'Human Resources Management' ,170000, 63000, false),
('C0000002', 'Winter', '2024', 'Indian Institute of Management Ahmedabad', 'Human Resources Management', 170000, 63000, false),
('C0000003', 'Autumn', '2024', 'All India Institute of Medical Sciences Bhopal', 'Nursing', 190000, 73000, true),
('C0000003', 'Winter', '2023', 'All India Institute of Medical Sciences Bhopal', 'Nursing', 190000, 73000, true),
('C0000003', 'Winter', '2024', 'All India Institute of Medical Sciences Bhopal', 'Nursing', 190000, 73000, true),
('C0000003', 'Autumn', '2023', 'All India Institute of Medical Sciences Bhopal', 'Nursing', 190000, 73000, true),
('C0000004', 'Winter', '2021', 'National Institute of Technology Warangal', 'Mechanical Engineering',  130000, 58000, false),
('C0000004', 'Winter', '2024', 'National Institute of Technology Warangal', 'Mechanical Engineering',  130000, 58000, false),
('C0000005', 'Autumn', '2022', 'Visvesvaraya Technological University Belgaum', 'Information Science',  105000, 52000, true),
('C0000005', 'Autumn', '2023', 'Visvesvaraya Technological University Belgaum', 'Information Science',  105000, 52000, true),
('C0000005', 'Winter', '2024', 'Visvesvaraya Technological University Belgaum', 'Information Science',  105000, 52000, true),
('C0000006', 'Winter', '2023', 'Indian Institute of Technology Kharagpur', 'Physics',  90000, 47000, false),
('C0000006', 'Winter', '2024', 'Indian Institute of Technology Kharagpur', 'Physics',  90000, 47000, false),
('C0000007', 'Autumn', '2024', 'Indian Institute of Science Education and Research Pune', 'Chemical Engineering',  98000, 51000, true),
('C0000007', 'Autumn', '2023', 'Indian Institute of Science Education and Research Pune', 'Chemical Engineering',  98000, 51000, false),
('C0000007', 'Winter', '2024', 'Indian Institute of Science Education and Research Pune', 'Chemical Engineering',  98000, 51000, false),
('C0000008', 'Winter', '2024', 'Indian Institute of Information Technology Allahabad', 'Computer Engineering',  140000, 60000, false),
('C0000008', 'Autumn', '2023', 'Indian Institute of Information Technology Allahabad', 'Computer Engineering',  140000, 60000, false),
('C0000009', 'Autumn', '2023', 'Delhi College of Engineering', 'Electronic and Instrumentation', 150000, 61000, true),
('C0000010', 'Autumn', '2023', 'Dhirubhai Ambani Institute of Information and Communication Technology','ICT',  110000, 54000, false),
('C0000010','Winter','2024','Dhirubhai Ambani Institute of Information and Communication Technology','ICT',150000,58000,false);


INSERT INTO Religion (Scholarship_Id, Religion) VALUES
('S0000001', 'Hindu'),
('S0000001', 'Muslim'),
('S0000002', 'Christian'),
('S0000002', 'Sikh'),
('S0000003', 'Buddhist'),
('S0000003', 'Jain'),
('S0000004', 'Hindu'),
('S0000004', 'Christian'),
('S0000005', 'Muslim'),
('S0000005', 'Sikh'),
('S0000006', 'Buddhist'),
('S0000006', 'Jain'),
('S0000007', 'Hindu'),
('S0000007', 'Christian'),
('S0000008', 'Muslim'),
('S0000008', 'Sikh'),
('S0000009', 'Hindu'),
('S0000009', 'Christian'),
('S0000009','Muslim');

INSERT INTO Parent_or_Guardian_Details (
    Email_Id,
    Fname,
    Mname,
    Lname,
    Dob,
    Gender,
    Occupation,
    Annual_Income,
    Other_Income,
    Contact_no
)VALUES
('shreya53@gmail.com', 'John', 'Vidhi', 'Doe', '1965-03-15', 'M', 'Engineer', 80000, 5000, '9876543210'),
('rahul54@gmail.com', 'Jane', 'Doe', 'lappu', '1970-08-22', 'F', 'Doctor', 120000, 7000, '8765432109'),
('priya55@gmail.com', 'Alice', 'Nice', 'Smith', '1968-11-05', 'F', 'Teacher', 60000, 3000, '7654321098'),
('amit56@gmail.com', 'Bob', 'James', 'Brown', '1975-04-18', 'M', 'Lawyer', 100000, 6000, '6543210987'),
('anjali57@gmail.com', 'Mary', 'Ann', 'Johnson', '1972-12-22', 'F', 'Business Owner', 150000, 8000, '5432109876'),
('rahul58@gmail.com', 'Rajesh', 'Kumar', 'Gupta', '1968-07-23', 'M', 'Businessman', 150000, 8000, '9876543210'),
('ankita59@gmail.com', 'Nandini', 'Devi', 'Verma', '1972-03-15', 'F', 'Teacher', 85000, 4500, '8765432109'),
('ankit60@gmail.com', 'Prakash', 'Singh', 'Yadav', '1965-10-30', 'M', 'Government Employee', 100000, 6000, '7654321098'),
('rupali61@gmail.com', 'Anita', 'Rani', 'Das', '1977-12-05', 'F', 'Nurse', 75000, 4000, '6543210987'),
('kiran5@gmail.com', 'Vikram', 'Singh', 'Rathore', '1970-09-17', 'M', 'Software Engineer', 120000, 7000, '5432109876'),
('rajesh6@gmail.com', 'Rajendra', 'Kumar', 'Jha', '1973-08-14', 'M', 'Architect', 110000, 6500, '3210987654'),
('rahul7@gmail.com', 'Sarita', 'Devi', 'Yadav', '1978-04-02', 'F', 'Marketing Executive', 90000, 5000, '2109876543'),
('anjali8@gmail.com', 'Anil', 'Kumar', 'Sharma', '1969-11-27', 'M', 'Civil Engineer', 130000, 8000, '1098765432'),
('deepak9@gmail.com', 'Uma', 'Devi', 'Singh', '1974-06-10', 'F', 'Chartered Accountant', 95000, 5500, '0987654321'),
('neha10@gmail.com', 'Meenakshi', 'Devi', 'Sharma', '1966-05-22', 'F', 'Bank Manager', 140000, 7500, '4321098765'),
('vikram11@gmail.com', 'Rajendra', 'Kumar', 'Jha', '1973-08-14', 'M', 'Architect', 110000, 6500, '3210987654'),
('shreya12@gmail.com', 'Sarita', 'Devi', 'Yadav', '1978-04-02', 'F', 'Marketing Executive', 90000, 5000, '2109876543'),
('rahul13@gmail.com', 'Anil', 'Kumar', 'Sharma', '1969-11-27', 'M', 'Civil Engineer', 130000, 8000, '1098765432'),
('priya14@gmail.com', 'Uma', 'Devi', 'Singh', '1974-06-10', 'F', 'Chartered Accountant', 95000, 5500, '0987654321'),
('Vivek23@gmail.com', 'Rajesh', 'Kumar', 'Sharma', '1980-03-15', 'M', 'Engineer', 80000, 5000, '9876543210'),
('Isha43@gmail.com', 'Priya', 'Devi', 'Singh', '1975-08-22', 'F', 'Doctor', 120000, 7000, '8765432109'),
('Rajesh65@gmail.com', 'Amit', ' ', 'Patel', '1972-11-05', 'M', 'Teacher', 60000, 3000, '7654321098'),
('Ankita23@gmail.com', 'Neha', 'Rani', 'Shah', '1978-04-18', 'F', 'Lawyer', 100000, 6000, '6543210987'),
('Rahul54@gmail.com', 'Vikram', 'Singh', 'Kumar', '1977-12-22', 'M', 'Business Owner', 150000, 8000, '5432109876'),
('Neha12@gmail.com', 'Meera', 'Rani', 'Kaur', '1974-09-10', 'F', 'Accountant', 90000, 4000, '4321098765'),
('Vikram23@gmail.com', 'Arun', 'Kumar', 'Singh', '1973-06-08', 'M', 'Professor', 110000, 6000, '3210987654'),
('Shreya12@gmail.com', 'Rajni', ' ', 'Patel', '1976-01-31', 'F', 'Engineer', 80000, 5000, '2109876543'),
('Rahul65@gmail.com', 'Sanjay', 'Kumar', 'Sharma', '1971-04-25', 'M', 'Doctor', 130000, 7000, '1098765432'),
('Priya687@gmail.com', 'Sunita', 'Devi', 'Singh', '1979-11-18', 'F', 'Lawyer', 95000, 5500, '0987654321'),
('Amit86@gmail.com', 'Amit', 'Kumar', 'Pandey', '1966-09-08', 'M', 'Doctor', 160000, 8500, '9876543210'),
('Shreya43@gmail.com', 'Neeta', 'Devi', 'Singh', '1971-04-25', 'F', 'Entrepreneur', 200000, 10000, '8765432109'),
('Rahul233@gmail.com', 'Rakesh', 'Kumar', 'Sharma', '1964-11-30', 'M', 'Professor', 180000, 9000, '7654321098'),
('Priya2331@gmail.com', 'Kavita', 'Devi', 'Mishra', '1979-01-15', 'F', 'Lawyer', 170000, 8500, '6543210987'),
('Amit987@gmail.com', 'Rajesh', 'Singh', 'Yadav', '1972-06-27', 'M', 'Banker', 190000, 9500, '5432109876'),
('Anjali935@gmail.com', 'Sunita', 'Devi', 'Rai', '1967-03-12', 'F', 'Consultant', 210000, 10500, '4321098765'),
('Rahul754@gmail.com', 'Alok', 'Kumar', 'Choudhary', '1975-08-20', 'M', 'Manager', 220000, 11000, '3210987654'),
('Ankita554@gmail.com', 'Shikha', 'Devi', 'Verma', '1980-05-05', 'F', 'Engineer', 200000, 10000, '2109876543'),
('Ankit1232@gmail.com', 'Vivek', 'Kumar', 'Gupta', '1968-12-20', 'M', 'Artist', 190000, 9500, '1098765432'),
('Rupali232@gmail.com', 'Priya', 'Devi', 'Singh', '1973-07-03', 'F', 'Business Owner', 230000, 11500, '0987654321');


INSERT INTO Employees (
    Email_Id,
    Fname,
    Mname,
    Lname,
    Manager_Email_Id,
    Scholarship_Id,
    Contact_no_1,
    Contact_no_2
) VALUES
('Ramesh223@gmail.com', 'Ramesh', 'Kumar', 'Sharma', NULL, 'S0000001', '1234567890', NULL),
('Sunita82@gmail.com', 'Sunita', 'Rani', 'Patel', 'Vikram923@gmail.com', 'S0000002', '2345678901', '3456789012'),
('Amit92@gmail.com', 'Amit', 'Kumar', 'Singh', 'Preeti33@gmail.com', 'S0000003', '3456789012', NULL),
('Priya38@gmail.com', 'Priya', 'Nath', 'Verma', 'Vikram923@gmail.com', 'S0000004', '4567890123', '5678901234'),
('Sanjay93@gmail.com', 'Sanjay', 'Kumar', 'Mishra', 'Ramesh223@gmail.com', 'S0000005', '5678901234', NULL),
('Preeti33@gmail.com', 'Preeti', 'Devi', 'Gupta', NULL, 'S0000006', '6789012345', '7890123456'),
('Rajesh947@gmail.com', 'Rajesh', 'Chandra', 'Yadav', 'Preeti33@gmail.com', 'S0000007', '7890123456', NULL),
('Sangeeta237@gmail.com', 'Sangeeta', 'Kumari', 'Das', 'Vikram923@gmail.com', 'S0000008', '8901234567', '9012345678'),
('Vikram923@gmail.com', 'Vikram', 'Singh', 'Rathore', NULL, 'S0000009', '9012345678', NULL),
('Divya298@gmail.com', 'Divya', 'Sharma', 'Mishra', 'Ramesh223@gmail.com', 'S0000003', '9876543210', '8765432109');


INSERT INTO Programs (Scholarship_Id, Program_Name) VALUES
('S0000003', 'MBBS'),
('S0000004', 'B.Tech'),
('S0000008', 'B.Tech'),
('S0000003', 'BDS'),
('S0000005', 'B.Tech'),
('S0000006', 'M.Sc'),
('S0000007', 'B.Sc'),
('S0000008', 'M.Tech'),
('S0000009', 'B.Tech'),
('S0000001', 'B.Tech'),
('S0000002', 'MBA'),
('S0000003', 'B.Sc'),
('S0000005', 'B.E'),
('S0000007', 'B.Tech');


INSERT INTO Donor (Donor_Id, Donor_Email_Id, Register_Type, Bank_Account_No, Contact_no, Bank_Account_Holder_Type, Aadhar_No, Fname, Mname, Lname, CIN_No, Company_Name)
VALUES
('D0000001', 'Ramesh12@gmail.com', 'Donor', '123456789012345', '9999999999', 'Individual', '123456789012', 'Ramesh', 'Kumar', 'Sharma', NULL, NULL),
('D0000002', 'Suresh43@gmail.com', 'Donor', '234567890123456', '8888888888', 'Individual', '234567890123', 'Suresh', 'Singh', 'Verma', NULL, NULL),
('D0000003', 'Asha63@gmail.com', 'Donor', '345678901234567', '7777777777', 'Individual', '345678901234', 'Asha', 'Devi', 'Gupta', NULL, NULL),
('D0000004', 'Radha75@gmail.com', 'Donor', '456789012345678', '6666666666', 'Individual', '456789012345', 'Radha', 'Rani', 'Joshi', NULL, NULL),
('D0000005', 'Manoj23@gmail.com', 'Donor', '567890123456789', '5555555555', 'Individual', '567890123456', 'Manoj', 'Kumar', 'Patel', NULL, NULL),
('D0000006', 'ABC23@gmail.com', 'Donor', '678901234567890', '4444444444', 'Company', NULL, NULL, NULL, NULL, 'U74120DL2014PTC267288', 'ABC Enterprises'),
('D0000007', 'XYZ53@gmail.com', 'Donor', '789012345678901', '3333333333', 'Company', NULL, NULL, NULL, NULL, 'U72200KA2009PTC050719', 'XYZ Solutions'),
('D0000008', 'PQR23@gmail.com', 'Donor', '890123456789012', '2222222222', 'Company', NULL, NULL, NULL, NULL, 'U51909KA2008PTC047589', 'PQR Industries'),
('D0000009', 'LMN52@gmail.com', 'Donor', '901234567890123', '1111111111', 'Company', NULL, NULL, NULL, NULL, 'U72900DL2009PTC190441', 'LMN Technologies'),
('D0000010', 'QRS23@gmail.com', 'Donor', '012345678901234', '0000000000', 'Company', NULL, NULL, NULL, NULL, 'U63090DL2020PTC373836', 'QRS Services');


INSERT INTO Donated_In (Scholarship_Id, Donor_Id, Donated_Ammount, Reciept_No, Donation_date)
VALUES
('S0000006', 'D0000003', 75000, 'R00000011', '2023-01-11'),
('S0000008', 'D0000001', 80000, 'R00000012', '2023-01-12'),
('S0000008', 'D0000002', 100000, 'R00000013', '2023-01-13'),
('S0000006', 'D0000005', 90000, 'R00000014', '2023-01-14'),
('S0000001', 'D0000007', 900000, 'R00000015', '2023-01-15'),
('S0000003', 'D0000009', 100000, 'R00000016', '2023-01-16'),
('S0000005', 'D0000010', 105000, 'R00000017', '2023-01-17'),
('S0000009', 'D0000006', 1100000, 'R00000018', '2023-01-18'),
('S0000008', 'D0000004', 150000, 'R00000019', '2023-01-19'),
('S0000007', 'D0000008', 2000000, 'R00000020', '2023-01-20'),
('S0000002', 'D0000006', 800000, 'R00000030', '2023-05-10'),
('S0000004', 'D0000010', 1000000, 'R00000040', '2023-08-15'),
('S0000007', 'D0000009', 3000000, 'R00000050', '2023-04-27');


INSERT INTO Citys (City, State_Name) VALUES
('Ahmedabad' , 'Gujarat' ),
('Indore' , 'MadhyaPradesh' ),
('Jaipur' , 'Rajasthan' ),
('Kanpur' , 'UttarPradesh' ),
('Lucknow' , 'UttarPradesh' ),
('Ludhiana' , 'Punjab' ),
('Nagpur' , 'Maharashtra' ),
('Patna' , 'Bihar' ),
('Rajkot' , 'Gujarat' ),
('Surat' , 'Gujarat' ),
('Thane' , 'Maharashtra' ),
('Vadodara' , 'Gujarat' ),
('Varanasi' , 'UttarPradesh');

INSERT INTO Pincodes (Pincode, City) VALUES
('141001' , 'Ludhiana' ) ,
('208001' , 'Kanpur' ) ,
('221001' , 'Varanasi' ) ,
('226001' , 'Lucknow' ) ,
('302001' , 'Jaipur' ) ,
('360002' , 'Rajkot' ) ,
('360003' , 'Rajkot' ) ,
('360005' , 'Rajkot' ) ,
('360006' , 'Rajkot' ) ,
('380002' , 'Ahmedabad' ) ,
('380003' , 'Ahmedabad' ) ,
('380005' , 'Ahmedabad' ) ,
('380006' , 'Ahmedabad' ) ,
('380007' , 'Ahmedabad' ) ,
('390002' , 'Vadodara' ) ,
('390003' , 'Vadodara' ) ,
('390004' , 'Vadodara' ) ,
('390005' , 'Vadodara' ) ,
('390006' , 'Vadodara' ) ,
('395002' , 'Surat' ) ,
('395003' , 'Surat' ) ,
('395004' , 'Surat' ) ,
('395006' , 'Surat' ) ,
('395007' , 'Surat' ) ,
('395008' , 'Surat' ) ,
('395009' , 'Surat' ) ,
('400601' , 'Thane' ) ,
('440001' , 'Nagpur' ) ,
('452001' , 'Indore' ),
('800001','Patna');


INSERT INTO Applicant (
    Applicant_Id,
    Guardian_Email_Id,
    Fname,
    Mname,
    Lname,
    College_Id,
    Semester,
    Year_of_Admission,
    DOB,
    Gender,
    Category,
    Religion,
    Applicant_Email_Id,
    Register_Type,
    Appartment_Number,
    Street_Name,
    Pincode,
    Contact_no,
    Bank_Account_No,
	Bank_Account_holder_type,
    Condition_Id ,
    Department_name 
) VALUES
('A0000001', 'shreya53@gmail.com', 'Sagar', 'Shreya', 'Thakkar', 'C0000001', 'Autumn', '2023', '1997-03-25', 'M', 'ST', 'Hindu', 'sagar.thakkar@gmail.com', 'Applicant', 'Apt 1213', 'Maple St',  '302001', '9998887776', '123456789012356', 'Applicant',0,'Aerospace Engineering'),
('A0000002', 'rahul54@gmail.com', 'Snehal', 'Rahul', 'Joshi','C0000001', 'Autumn', '2023', '1998-01-17', 'F', 'OBC', 'Muslim', 'snehal.joshi@yahoo.com', 'Applicant', 'Apt 1314', 'Cedar St',   '226001', '8887776665', '12345789012356', 'Applicant',0,'Aerospace Engineering'),
('A0000003', 'priya55@gmail.com', 'Aryan', 'Priya', 'Patel', 'C0000001', 'Autumn', '2023', '1996-07-21', 'M', 'General', 'Christian', 'aryan.patel@gmail.com', 'Applicant', 'Apt 1415', 'Pine St',  '800001', '7776665554', '234567890123467', 'Applicant',1,'Aerospace Engineering'),
('A0000004', 'amit56@gmail.com', 'Nisha', 'Amit', 'Sharma', 'C0000001', 'Winter', '2024', '1999-04-13', 'F', 'SC', 'Hindu', 'nisha.sharma@yahoo.com', 'Applicant', 'Apt 1516', 'Oak St',  '208001' , '6665554443', '234567890123462', 'Applicant',3,'Aerospace Engineering'),
('A0000005', 'kiran5@gmail.com', 'Nisha', 'Kiran', 'Sharma', 'C0000001', 'Autumn', '2023', '1997-08-12', 'F', 'General', 'Jain', 'nisha.sharma@gmail.com', 'Applicant', 'Apt 567', 'Pine St', '395002', '9999999999', '567890123456793', 'Applicant',0,'Aerospace Engineering'),
('A0000006', 'rajesh6@gmail.com', 'Amit', 'Rajesh', 'Gupta', 'C0000010', 'Winter', '2024', '1998-02-28', 'M', 'SC', 'Sikh', 'amit.gupta@yahoo.com', 'Applicant', 'Apt 891', 'Cypress St',  '390002', '7777777777', '678901234567901', 'Applicant',4,'ICT'),
('A0000007', 'rahul7@gmail.com', 'Pooja', 'Rahul', 'Patel', 'C0000004', 'Winter', '2024', '1996-11-05', 'F', 'ST', 'Hindu', 'pooja.patel@gmail.com', 'Applicant', 'Apt 1011', 'Maple St', '360002', '6666666666', '678901234567902', 'Applicant',0,'Mechanical Engineering'),
('A0000008', 'anjali8@gmail.com', 'Rahul', 'Anjali', 'Shah', 'C0000004', 'Winter', '2024', '1999-04-18', 'M', 'General', 'Hindu', 'rahul.shah@yahoo.com', 'Applicant', 'Apt 1213', 'Cedar St',  '395003', '5555555555', '789012345678012', 'Applicant',0,'Mechanical Engineering'),
('A0000009', 'deepak9@gmail.com', 'Kavita', 'Deepak', 'Desai', 'C0000004', 'Winter', '2024', '1997-12-22', 'F', 'SC', 'Jain', 'kavita.desai@gmail.com', 'Applicant', 'Apt 1415', 'Oak St',  '380002', '4444444444', '789012345678015', 'Applicant',0,'Mechanical Engineering'),
('A0000010', 'neha10@gmail.com', 'Ankit', 'Neha', 'Mehta', 'C0000004', 'Winter', '2024', '1998-09-15', 'M', 'General', 'Muslim', 'ankit.mehta@yahoo.com', 'Applicant', 'Apt 1617', 'Main St',  '390003', '3333333333', '890123456789023', 'Applicant',0,'Mechanical Engineering'),
('A0000011', 'vikram11@gmail.com', 'Preeti', 'Vikram', 'Dave', 'C0000004', 'Winter', '2024', '1996-06-08', 'F', 'SC', 'Buddhist', 'preeti.dave@gmail.com', 'Applicant', 'Apt 1819', 'Pine St', '360003', '2222222222', '890123456789022', 'Applicant',1,'Mechanical Engineering'),
('A0000012', 'shreya12@gmail.com', 'Aryan', 'Shreya', 'Thakkar', 'C0000004', 'Winter', '2024', '1999-01-31', 'M', 'ST', 'Christian', 'aryan.thakkar@yahoo.com', 'Applicant', 'Apt 2021', 'Cypress St',  '380003',  '87654321','901234567890134', 'Applicant',1,'Mechanical Engineering'),
('A0000013', 'rahul13@gmail.com', 'Deepa', 'Rahul', 'Joshi', 'C0000004', 'Winter', '2024', '1997-04-25', 'F', 'OBC', 'Muslim', 'deepa.joshi@gmail.com', 'Applicant', 'Apt 2223', 'Maple St',  '395004', '9999999999', '901234567890132', 'Applicant',4,'Mechanical Engineering'),
('A0000014', 'priya14@gmail.com', 'Vikas', 'Priya', 'Patel', 'C0000007', 'Winter', '2024', '1998-11-18', 'M', 'General', 'Hindu', 'vikas.patel@yahoo.com', 'Applicant', 'Apt 2425', 'Cedar St',  '390004','87654321','012345678901245','Applicant',5,'Chemical Engineering'),
('A0000015', 'anjali57@gmail.com', 'Raj', 'Anjali', 'Shah', 'C0000007', 'Autumn', '2023', '1997-10-27', 'M', 'General', 'Hindu', 'raj.shah@gmail.com', 'Applicant', 'Apt 1617', 'Cypress St',  '452001', '5554443332', '345678901234578', 'Applicant',15,'Chemical Engineering'),
('A0000016', 'rahul58@gmail.com', 'Pooja', 'Rahul', 'Gupta', 'C0000007', 'Winter', '2024', '1998-06-15', 'F', 'OBC', 'Muslim', 'pooja.gupta@yahoo.com', 'Applicant', 'Apt 1718', 'Maple St',  '221001', '4443332221', '345678901234572', 'Applicant',14,'Chemical Engineering'),
('A0000017', 'ankita59@gmail.com', 'Anuj', 'Ankita', 'Mehta', 'C0000007', 'Autumn', '2023', '1996-02-10', 'M', 'SC', 'Jain', 'anuj.mehta@gmail.com', 'Applicant', 'Apt 1819', 'Cedar St',  '400601', '3332221110', '456789012345689', 'Applicant',8,'Chemical Engineering'),
('A0000018', 'ankit60@gmail.com', 'Kavita', 'Ankit', 'Patel', 'C0000002', 'Winter', '2024', '1999-11-05', 'F', 'ST', 'Jain', 'kavita.patel@yahoo.com', 'Applicant', 'Apt 1920', 'Pine St',  '440001', '2221110009', '456789012345682', 'Applicant',0,'Human Resources Management'),
('A0000019', 'rupali61@gmail.com', 'Amit', 'Rupali', 'Shah', 'C0000002', 'Winter', '2023', '1997-12-29', 'M', 'General', 'Hindu', 'amit.shah@gmail.com', 'Applicant', 'Apt 2021', 'Oak St',  '141001', '1110009998', '567890123456790', 'Applicant',0,'Human Resources Management'),
('A0000035', 'Vivek23@gmail.com', 'Ananya', 'Vivek', 'Shah', 'C0000002', 'Winter', '2023', '1997-05-10', 'F', 'General', 'Hindu', 'ananya.shah@gmail.com', 'Applicant', 'Apt 3456', 'Main St', '380005',  '12345678','012345678901242', 'Applicant',0,'Human Resources Management'),
('A0000036', 'Isha43@gmail.com', 'Rohan', 'Isha', 'Patel', 'C0000002', 'Winter', '2024', '1998-02-18', 'M', 'SC', 'Hindu', 'rohan.patel@yahoo.com', 'Applicant', 'Apt 4567', 'Oak St', '395006', '2342342345', '111111111111111', 'Applicant',0,'Human Resources Management'),
('A0000037', 'Rajesh65@gmail.com', 'Kirti', 'Rajesh', 'Desai', 'C0000003', 'Autumn', '2023', '1996-09-25', 'F', 'ST', 'Sikh', 'kirti.desai@gmail.com', 'Applicant', 'Apt 5678', 'Pine St','390005', '3453453456', '111111111111112', 'Applicant',0,'Nursing'),
('A0000038', 'Ankita23@gmail.com', 'Anuj', 'Ankita', 'Gupta', 'C0000003', 'Winter', '2024', '1999-04-08', 'M', 'General', 'Christian', 'anuj.gupta@yahoo.com', 'Applicant', 'Apt 6789', 'Cypress St', '360005',  '87654321','22222222222222','Applicant',13,'Nursing'),
('A0000039', 'Rahul54@gmail.com', 'Isha', 'Rahul', 'Shah', 'C0000003', 'Autumn', '2023', '1997-12-12', 'F', 'SC', 'Sikh', 'isha.shah@gmail.com', 'Applicant', 'Apt 7890', 'Maple St',  '395007', '5675675678', '222222222222221', 'Applicant',15,'Nursing'),
('A0000040', 'Neha12@gmail.com', 'Akshay', 'Neha', 'Mehta', 'C0000003', 'Winter', '2024', '1998-07-15', 'M', 'General', 'Muslim', 'akshay.mehta@yahoo.com', 'Applicant', 'Apt 8901', 'Cedar St',  '380006','87654321','333333333333333','Applicant',15,'Nursing'),
('A0000041', 'Vikram23@gmail.com', 'Tanvi', 'Vikram', 'Dave', 'C0000005', 'Autumn', '2023', '1996-04-08', 'F', 'SC', 'Muslim', 'tanvi.dave@gmail.com', 'Applicant', 'Apt 9012', 'Oak St',  '390006', '7897897890', '333333333333332', 'Applicant',0,'Information Science'),
('A0000042', 'Shreya12@gmail.com', 'Sagar', 'Shreya', 'Thakkar', 'C0000005', 'Winter', '2024', '1999-01-31', 'M', 'ST', 'Muslim', 'sagar.thakkar@yahoo.com', 'Applicant', 'Apt 1234', 'Pine St',  '360006', '8908908901', '444444444444444', 'Applicant',15,'Information Science'),
('A0000043', 'Rahul65@gmail.com', 'Snehal', 'Rahul', 'Joshi', 'C0000005', 'Autumn', '2023', '1997-07-25', 'F', 'OBC', 'Hindu', 'snehal.joshi@gmail.com', 'Applicant', 'Apt 2345', 'Maple St',  '395008', '9019019012', '444444444444446', 'Applicant',15,'Information Science'),
('A0000044', 'Priya687@gmail.com', 'Rohan', 'Priya', 'Patel', 'C0000005', 'Winter', '2024', '1998-09-18', 'M', 'General', 'Muslim', 'rohan1.patel@yahoo.com', 'Applicant', 'Apt 3456', 'Cypress St',  '380007',  '87654321','555555555555555', 'Applicant',0,'Information Science'),
('A0000045', 'Amit86@gmail.com', 'Nisha', 'Amit', 'Sharma', 'C0000008', 'Autumn', '2023', '1997-05-10', 'F', 'General', 'Christian', 'nisha1.sharma@gmail.com', 'Applicant', 'Apt 4567', 'Main St', '395009', '1231231234', '555555555555552', 'Applicant',0,'Computer Engineering'),
('A0000053', 'Shreya43@gmail.com', 'Sagar', 'Shreya', 'Thakkar', 'C0000008', 'Autumn', '2023', '1997-03-25', 'M', 'ST', 'Buddhist', 'sagar1.thakkar@gmail.com', 'Applicant', 'Apt 1213', 'Maple St',  '302001', '9998887776', '666666666666666', 'Applicant',0,'Computer Engineering'),
('A0000054', 'Rahul233@gmail.com', 'Snehal', 'Rahul', 'Joshi', 'C0000008', 'Winter', '2024', '1998-01-17', 'F', 'OBC', 'Sikh', 'snehal1.joshi@yahoo.com', 'Applicant', 'Apt 1314', 'Cedar St',  '226001', '8887776665', '666666666666662', 'Applicant',0,'Computer Engineering'),
('A0000055', 'Priya2331@gmail.com', 'Aryan', 'Priya', 'Patel', 'C0000006', 'Winter', '2023', '1996-07-21', 'M', 'General', 'Hindu', 'aryan1.patel@gmail.com', 'Applicant', 'Apt 1415', 'Pine St',  '800001', '7776665554', '777777777777777', 'Applicant',0,'Physics'),
('A0000056', 'Amit987@gmail.com', 'Nisha', 'Amit', 'Sharma', 'C0000006', 'Winter', '2024', '1999-04-13', 'F', 'SC', 'Hindu', 'nisha.sharma@yahoo.com', 'Applicant', 'Apt 1516', 'Oak St',  '208001', '6665554443', '777777777777772', 'Applicant',0,'Physics'),
('A0000057', 'Anjali935@gmail.com', 'Raj', 'Anjali', 'Shah', 'C0000008', 'Autumn', '2023', '1997-10-27', 'M', 'General', 'Hindu', 'raj1.shah@gmail.com', 'Applicant', 'Apt 1617', 'Cypress St',  '452001', '5554443332', '888888888888888', 'Applicant',0,'Computer Engineering'),
('A0000058', 'Rahul754@gmail.com', 'Pooja', 'Rahul', 'Gupta', 'C0000008', 'Winter', '2024', '1998-06-15', 'F', 'OBC', 'Sikh', 'pooja1.gupta@yahoo.com', 'Applicant', 'Apt 1718', 'Maple St',  '221001', '4443332221', '888888888888882', 'Applicant',1,'Computer Engineering'),
('A0000059', 'Ankita554@gmail.com', 'Anuj', 'Ankita', 'Mehta', 'C0000009', 'Autumn', '2023', '1996-02-10', 'M', 'SC', 'Buddhist', 'anuj1.mehta@gmail.com', 'Applicant', 'Apt 1819', 'Cedar St',  '400601', '3332221110', '999999999999999', 'Applicant',7,'Electronic and Instrumentation'),
('A0000060', 'Ankit1232@gmail.com', 'Kavita', 'Ankit', 'Patel', 'C0000009', 'Autumn', '2023', '1999-11-05', 'F', 'ST', 'Sikh', 'kavita1.patel@yahoo.com', 'Applicant', 'Apt 1920', 'Pine St',  '440001', '2221110009', '999999999999991', 'Applicant',10,'Electronic and Instrumentation'),
('A0000061', 'Rupali232@gmail.com', 'Amit', 'Rupali', 'Shah', 'C0000010', 'Autumn', '2023', '1997-12-29', 'M', 'General', 'Muslim', 'amit.shah@gmail.com', 'Applicant', 'Apt 2021', 'Oak St',  '141001', '1110009998', '890123456789023', 'Applicant',0,'ICT');


INSERT INTO Qualification (Applicant_Id, Type_of_Qualification, Passing_year, Percentile)
VALUES
('A0000001', 'Boards', 2021, 94.80),
('A0000002', 'JEE', 2022, 92.30),
('A0000003', 'BITSET', 2023, 89.70),
('A0000004', 'GUJCET', 2020, 88.90),
('A0000005', 'GUJCET', 2020, 85.20),
('A0000006', 'Boards', 2021, 93.70),
('A0000007', 'JEE', 2022, 94.50),
('A0000008', 'BITSET', 2023, 91.80),
('A0000009', 'GUJCET', 2020, 91.80),
('A0000010', 'Boards', 2021, 94.20),
('A0000011', 'GUJCET', 2020, 88.70),
('A0000012', 'Boards', 2021, 91.50),
('A0000013', 'JEE', 2022, 95.20),
('A0000014', 'BITSET', 2023, 89.80),
('A0000015', 'Boards', 2021, 91.20),
('A0000016', 'GUJCET', 2020, 86.30),
('A0000017', 'Boards', 2021, 92.40),
('A0000018', 'GUJCET', 2020, 91.20),
('A0000019', 'Boards', 2021, 92.20),
('A0000035', 'GUJCET', 2020, 86.80),
('A0000036', 'Boards', 2021, 94.20),
('A0000037', 'JEE', 2022, 91.50),
('A0000038', 'BITSET', 2023, 90.10),
('A0000039', 'GUJCET', 2020, 89.60),
('A0000040', 'Boards', 2021, 92.80),
('A0000041', 'GUJCET', 2020, 87.50),
('A0000042', 'Boards', 2021, 93.10),
('A0000043', 'JEE', 2022, 90.20),
('A0000044', 'BITSET', 2023, 88.90),
('A0000045', 'GUJCET', 2020, 85.60),
('A0000053', 'JEE', 2022, 89.70),
('A0000054', 'BITSET', 2023, 87.80),
('A0000055', 'GUJCET', 2020, 84.90),
('A0000056', 'Boards', 2021, 93.60),
('A0000057', 'JEE', 2022, 91.10),
('A0000058', 'BITSET', 2023, 90.30),
('A0000059', 'GUJCET', 2020, 87.80),
('A0000060', 'Boards', 2021, 90.90),
('A0000061', 'Boards', 2022, 70.90);


INSERT INTO Applied_in (Scholarship_Id, Applicant_Id, Applied_In)
VALUES
('S0000009', 'A0000001', '2023-09-08'),
('S0000002', 'A0000001', '2023-09-09'),
('S0000002', 'A0000002', '2023-09-08'),
('S0000003', 'A0000002', '2023-09-09'),
('S0000009', 'A0000003', '2023-09-08'),
('S0000004', 'A0000003', '2023-09-09'),
('S0000009', 'A0000004', '2023-09-08'),
('S0000001', 'A0000005', '2023-05-10'),
('S0000004', 'A0000005', '2023-05-10'),
('S0000007', 'A0000005', '2023-07-18'),
('S0000006', 'A0000006', '2023-06-06'),
('S0000007', 'A0000006', '2023-06-07'),
('S0000008', 'A0000006', '2023-06-08'),
('S0000009', 'A0000006', '2023-06-10'),
('S0000006', 'A0000007', '2023-06-11'),
('S0000007', 'A0000007', '2023-06-12'),
('S0000008', 'A0000007', '2023-06-13'),
('S0000006', 'A0000009', '2023-07-13'),
('S0000009', 'A0000009', '2023-07-13'),
('S0000008', 'A0000009', '2023-11-08'),
('S0000002', 'A0000009', '2023-12-02'),
('S0000009', 'A0000010', '2023-06-22'),
('S0000006', 'A0000011', '2023-06-24'),
('S0000007', 'A0000011', '2023-06-25'),
('S0000008', 'A0000012', '2023-05-17'),
('S0000006', 'A0000012', '2023-06-26'),
('S0000007', 'A0000012', '2023-06-27'),
('S0000009', 'A0000013', '2023-06-29'),
('S0000006', 'A0000013', '2023-07-01'),
('S0000007', 'A0000014', '2023-07-02'),
('S0000008', 'A0000014', '2023-07-03'),
('S0000009', 'A0000014', '2023-07-04'),
('S0000009', 'A0000015', '2023-07-05'),
('S0000008', 'A0000016', '2023-07-06'),
('S0000009', 'A0000017', '2023-07-07'),
('S0000009', 'A0000018', '2023-07-08'),
('S0000006', 'A0000019', '2023-07-09'),
('S0000006', 'A0000035', '2023-07-25'),
('S0000004', 'A0000036', '2023-07-16'),
('S0000005', 'A0000036', '2023-07-17'),
('S0000006', 'A0000036', '2023-07-18'),
('S0000007', 'A0000036', '2023-07-19'),
('S0000008', 'A0000036', '2023-07-20'),
('S0000009', 'A0000036', '2023-07-21'),
('S0000004', 'A0000037', '2023-07-23'),
('S0000005', 'A0000037', '2023-07-24'),
('S0000006', 'A0000037', '2023-07-25'),
('S0000007', 'A0000037', '2023-07-26'),
('S0000008', 'A0000037', '2023-07-27'),
('S0000009', 'A0000037', '2023-07-28'),
('S0000004', 'A0000038', '2023-07-30'),
('S0000005', 'A0000038', '2023-07-31'),
('S0000006', 'A0000038', '2023-08-01'),
('S0000007', 'A0000038', '2023-08-02'),
('S0000008', 'A0000038', '2023-08-03'),
('S0000009', 'A0000038', '2023-08-04'),
('S0000007', 'A0000039', '2023-08-02'),
('S0000008', 'A0000039', '2023-08-03'),
('S0000009', 'A0000039', '2023-08-04'),
('S0000007', 'A0000040', '2023-08-02'),
('S0000008', 'A0000040', '2023-08-03'),
('S0000009', 'A0000040', '2023-08-04'),
('S0000007', 'A0000041', '2023-08-02'),
('S0000008', 'A0000041', '2023-08-03'),
('S0000009', 'A0000041', '2023-08-04'),
('S0000007', 'A0000042', '2023-08-02'),
('S0000008', 'A0000042', '2023-08-03'),
('S0000009', 'A0000042', '2023-08-04'),
('S0000007', 'A0000043', '2023-08-02'),
('S0000008', 'A0000043', '2023-08-03'),
('S0000009', 'A0000043', '2023-08-04'),
('S0000007', 'A0000044', '2023-08-02'),
('S0000008', 'A0000044', '2023-08-03'),
('S0000009', 'A0000044', '2023-08-04'),
('S0000008', 'A0000045', '2023-08-03'),
('S0000009', 'A0000045', '2023-08-04'),
('S0000005', 'A0000053', '2023-08-25'),
('S0000006', 'A0000053', '2023-08-26'),
('S0000007', 'A0000054', '2023-08-27'),
('S0000008', 'A0000054', '2023-08-28'),
('S0000009', 'A0000055', '2023-08-29'),
('S0000008', 'A0000055', '2023-08-30'),
('S0000001', 'A0000056', '2023-08-31'),
('S0000002', 'A0000056', '2023-09-01'),
('S0000003', 'A0000057', '2023-09-02'),
('S0000004', 'A0000057', '2023-09-03'),
('S0000005', 'A0000058', '2023-09-04'),
('S0000006', 'A0000058', '2023-09-05'),
('S0000007', 'A0000059', '2023-09-06'),
('S0000008', 'A0000059', '2023-09-07'),
('S0000009', 'A0000060', '2023-09-08'),
('S0000007', 'A0000061', '2023-09-06'),
('S0000008', 'A0000061', '2023-09-07');


INSERT INTO Gender (Scholarship_id, Gender)
VALUES
('S0000001', 'M'),
('S0000001', 'F'),
('S0000002', 'M'),
('S0000002', 'F'),
('S0000003', 'M'),
('S0000003', 'F'),
('S0000004', 'M'),
('S0000004', 'F'),
('S0000005', 'M'),
('S0000005', 'F'),
('S0000006', 'M'),
('S0000006', 'F'),
('S0000007', 'M'),
('S0000007', 'F'),
('S0000008', 'M'),
('S0000008', 'F'),
('S0000009', 'M'),
('S0000009', 'F');

INSERT INTO Received_From (Scholarship_Id, Applicant_Id, Amount_Received, Received_On)
VALUES ('S0000001', 'A0000056', 100000, '2024-12-31'),
('S0000002', 'A0000001', 75000, '2024-10-31'),
('S0000002', 'A0000002', 75000, '2024-10-31'),
('S0000002', 'A0000009', 75000, '2024-10-31'),
('S0000003', 'A0000057', 80000, '2024-8-31'),
('S0000004', 'A0000003', 60000, '2024-9-30'),
('S0000004', 'A0000036', 60000, '2024-9-30'),
('S0000005', 'A0000037', 90000, '2024-9-30'),
('S0000006', 'A0000013', 70000, '2024-7-30'),
('S0000007', 'A0000059', 50000, '2024-7-30'),
('S0000007', 'A0000044', 50000, '2024-7-30'),
('S0000008', 'A0000061', 80000, '2024-7-30'),
('S0000009', 'A0000055', 85000, '2024-7-30');